num_hidden_layers,lr,hidden_size,iteration,loss
10,0.1,10,0,0.6113731861114502
10,0.1,10,1000,0.5247480273246765
10,0.1,10,2000,0.5247455835342407
10,0.1,10,3000,0.5247433185577393
10,0.1,10,4000,0.5247408747673035
10,0.1,10,5000,0.5247377157211304
10,0.1,10,6000,0.5247329473495483
10,0.1,10,7000,0.5247225165367126
10,0.1,10,8000,0.5246662497520447
10,0.1,10,9000,0.5239109992980957
10,0.1,10,9999,0.1337132602930069
